<metadata xml:lang="es"><Esri><CreaDate>20220328</CreaDate><CreaTime>14510100</CreaTime><ArcGISFormat>1.0</ArcGISFormat><SyncOnce>FALSE</SyncOnce><DataProperties><itemProps><itemName Sync="TRUE">Area_Afectada_Evento_Forestal_2009_2024</itemName><imsContentType Sync="TRUE">002</imsContentType><itemSize Sync="TRUE">0.000</itemSize><itemLocation><linkage Sync="TRUE">file://\\OAJ-26293\C$\Backup\STEVEN_2019\BOMBEROS_2023\BASE_INCIDENTES\DATOS_ABIERTOS_2023\Area_Afectada_Evento_Forestal_2009_2024.shp</linkage><protocol Sync="TRUE">Local Area Network</protocol></itemLocation></itemProps><coordRef><type Sync="TRUE">Projected</type><geogcsn Sync="TRUE">GCS_MAGNA</geogcsn><csUnits Sync="TRUE">Linear Unit: Meter (1.000000)</csUnits><peXml Sync="TRUE">&lt;ProjectedCoordinateSystem xsi:type='typens:ProjectedCoordinateSystem' xmlns:xsi='http://www.w3.org/2001/XMLSchema-instance' xmlns:xs='http://www.w3.org/2001/XMLSchema' xmlns:typens='http://www.esri.com/schemas/ArcGIS/3.0.0'&gt;&lt;WKT&gt;PROJCS[&amp;quot;MAGNA_Ciudad_Bogota&amp;quot;,GEOGCS[&amp;quot;GCS_MAGNA&amp;quot;,DATUM[&amp;quot;D_MAGNA&amp;quot;,SPHEROID[&amp;quot;GRS_1980&amp;quot;,6378137.0,298.257222101]],PRIMEM[&amp;quot;Greenwich&amp;quot;,0.0],UNIT[&amp;quot;Degree&amp;quot;,0.0174532925199433]],PROJECTION[&amp;quot;Transverse_Mercator&amp;quot;],PARAMETER[&amp;quot;False_Easting&amp;quot;,92334.879],PARAMETER[&amp;quot;False_Northing&amp;quot;,109320.965],PARAMETER[&amp;quot;Central_Meridian&amp;quot;,-74.14659166666668],PARAMETER[&amp;quot;Scale_Factor&amp;quot;,1.000399803265436],PARAMETER[&amp;quot;Latitude_Of_Origin&amp;quot;,4.680486111111112],UNIT[&amp;quot;Meter&amp;quot;,1.0],AUTHORITY[&amp;quot;Esri&amp;quot;,102233]]&lt;/WKT&gt;&lt;XOrigin&gt;-5533100&lt;/XOrigin&gt;&lt;YOrigin&gt;-10414600&lt;/YOrigin&gt;&lt;XYScale&gt;450083161.59267002&lt;/XYScale&gt;&lt;ZOrigin&gt;-100000&lt;/ZOrigin&gt;&lt;ZScale&gt;10000&lt;/ZScale&gt;&lt;MOrigin&gt;-100000&lt;/MOrigin&gt;&lt;MScale&gt;10000&lt;/MScale&gt;&lt;XYTolerance&gt;0.001&lt;/XYTolerance&gt;&lt;ZTolerance&gt;0.001&lt;/ZTolerance&gt;&lt;MTolerance&gt;0.001&lt;/MTolerance&gt;&lt;HighPrecision&gt;true&lt;/HighPrecision&gt;&lt;WKID&gt;102233&lt;/WKID&gt;&lt;LatestWKID&gt;102233&lt;/LatestWKID&gt;&lt;/ProjectedCoordinateSystem&gt;</peXml><projcsn Sync="TRUE">MAGNA_Ciudad_Bogota</projcsn></coordRef><lineage><Process ToolSource="c:\program files (x86)\arcgis\desktop10.5\ArcToolbox\Toolboxes\Data Management Tools.tbx\Merge" Date="20180420" Time="121210">Merge IncendiosF_2017;'INCENDIOS 2009 - 2017';incidente_forestal_2015_Monserrate_octubre;Incendios_2014;incendios_2013;incendios_2012;INCENDIOS_2011_(2);INCENDIO_2011_(1);INCENDIOS_2010;INCENDIOS_2009;'Incendios  2017';'Incedios 2016' V:\SIG\PROCESO\SIG03\TRABAJO\INCENDIOS_INC11188\INCENDIOS_20_04_2018.shp "OBJECTID "OBJECTID" true true false 10 Long 0 10 ,First,#,IncendiosF_2017,OBJECTID,-1,-1,INCENDIOS 2009 - 2017,OBJECTID,-1,-1,incidente_forestal_2015_Monserrate_octubre,OBJECTID,-1,-1,INCENDIOS_2011_(2),OBJECTID,-1,-1,INCENDIO_2011_(1),OBJECTID,-1,-1,Incendios  2017,OBJECTID,-1,-1,Incedios 2016,OBJECTID,-1,-1;OBSERVACIO "OBSERVACIO" true true false 50 Text 0 0 ,First,#,IncendiosF_2017,OBSERVACIO,-1,-1,INCENDIOS 2009 - 2017,OBSERVACIO,-1,-1,incidente_forestal_2015_Monserrate_octubre,OBSERVACIO,-1,-1,Incendios_2014,OBSERVACIO,-1,-1,incendios_2013,OBSERVACIO,-1,-1,incendios_2012,OBSERVACIO,-1,-1,INCENDIOS_2011_(2),OBSERVACIO,-1,-1,INCENDIO_2011_(1),OBSERVACIO,-1,-1,INCENDIOS_2010,OBSERVACIO,-1,-1,INCENDIOS_2009,OBSERVACIO,-1,-1,Incendios  2017,OBSERVACIO,-1,-1,Incedios 2016,OBSERVACIO,-1,-1;ANO "ANO" true true false 19 Double 0 0 ,First,#,IncendiosF_2017,ANO,-1,-1,INCENDIOS 2009 - 2017,ANO,-1,-1,incidente_forestal_2015_Monserrate_octubre,ANO,-1,-1,Incendios_2014,ANO,-1,-1,incendios_2013,ANO,-1,-1,incendios_2012,ANO,-1,-1,INCENDIOS_2011_(2),ANO,-1,-1,INCENDIO_2011_(1),ANO,-1,-1,Incendios  2017,ANO,-1,-1,Incedios 2016,ANO,-1,-1;FUENTE "FUENTE" true true false 50 Text 0 0 ,First,#,IncendiosF_2017,FUENTE,-1,-1,INCENDIOS 2009 - 2017,FUENTE,-1,-1,incidente_forestal_2015_Monserrate_octubre,FUENTE,-1,-1,Incendios_2014,FUENTE,-1,-1,incendios_2013,FUENTE,-1,-1,incendios_2012,FUENTE,-1,-1,INCENDIOS_2011_(2),FUENTE,-1,-1,INCENDIO_2011_(1),FUENTE,-1,-1,INCENDIOS_2010,FUENTE,-1,-1,INCENDIOS_2009,FUENTE,-1,-1,Incendios  2017,FUENTE,-1,-1,Incedios 2016,FUENTE,-1,-1;INCIDENTE "INCIDENTE" true true false 40 Text 0 0 ,First,#,IncendiosF_2017,INCIDENTE,-1,-1,INCENDIOS 2009 - 2017,INCIDENTE,-1,-1,incidente_forestal_2015_Monserrate_octubre,INCIDENTE,-1,-1,Incendios_2014,INCIDENTE,-1,-1,incendios_2013,INCIDENTE,-1,-1,incendios_2012,INCIDENTE,-1,-1,INCENDIOS_2011_(2),INCIDENTE,-1,-1,INCENDIO_2011_(1),INCIDENTE,-1,-1,INCENDIOS_2010,INCIDENTE,-1,-1,INCENDIOS_2009,INCIDENTE,-1,-1,Incendios  2017,INCIDENTE,-1,-1,Incedios 2016,INCIDENTE,-1,-1;FECHA "FECHA" true true false 8 Date 0 0 ,First,#,IncendiosF_2017,FECHA,-1,-1,INCENDIOS 2009 - 2017,FECHA,-1,-1,incidente_forestal_2015_Monserrate_octubre,FECHA,-1,-1,Incendios_2014,FECHA,-1,-1,incendios_2013,FECHA,-1,-1,incendios_2012,FECHA,-1,-1,INCENDIOS_2011_(2),FECHA,-1,-1,INCENDIO_2011_(1),FECHA,-1,-1,INCENDIOS_2010,FECHA,-1,-1,INCENDIOS_2009,FECHA,-1,-1,Incendios  2017,FECHA,-1,-1,Incedios 2016,FECHA,-1,-1;MES "MES" true true false 20 Text 0 0 ,First,#,IncendiosF_2017,MES,-1,-1,INCENDIOS 2009 - 2017,MES,-1,-1,incidente_forestal_2015_Monserrate_octubre,MES,-1,-1,Incendios_2014,MES,-1,-1,incendios_2013,MES,-1,-1,incendios_2012,MES,-1,-1,INCENDIOS_2011_(2),MES,-1,-1,INCENDIO_2011_(1),MES,-1,-1,INCENDIOS_2010,MES,-1,-1,INCENDIOS_2009,MES,-1,-1,Incendios  2017,MES,-1,-1,Incedios 2016,MES,-1,-1;LOCALIDAD "LOCALIDAD" true true false 50 Text 0 0 ,First,#,IncendiosF_2017,LOCALIDAD,-1,-1,INCENDIOS 2009 - 2017,LOCALIDAD,-1,-1,incidente_forestal_2015_Monserrate_octubre,LOCALIDAD,-1,-1,Incendios_2014,LOCALIDAD,-1,-1,incendios_2013,LOCALIDAD,-1,-1,incendios_2012,LOCALIDAD,-1,-1,INCENDIOS_2011_(2),LOCALIDAD,-1,-1,INCENDIO_2011_(1),LOCALIDAD,-1,-1,INCENDIOS_2010,LOCALIDAD,-1,-1,INCENDIOS_2009,LOCALIDAD,-1,-1,Incendios  2017,LOCALIDAD,-1,-1,Incedios 2016,LOCALIDAD,-1,-1;FESTIVO "FESTIVO" true true false 40 Text 0 0 ,First,#,IncendiosF_2017,FESTIVO,-1,-1,INCENDIOS 2009 - 2017,FESTIVO,-1,-1,incidente_forestal_2015_Monserrate_octubre,FESTIVO,-1,-1,Incendios_2014,FESTIVO,-1,-1,incendios_2013,FESTIVO,-1,-1,incendios_2012,FESTIVO,-1,-1,INCENDIOS_2011_(2),FESTIVO,-1,-1,INCENDIO_2011_(1),FESTIVO,-1,-1,INCENDIOS_2010,FESTIVO,-1,-1,INCENDIOS_2009,FESTIVO,-1,-1,Incendios  2017,FESTIVO,-1,-1,Incedios 2016,FESTIVO,-1,-1;DIA "DIA" true true false 30 Text 0 0 ,First,#,IncendiosF_2017,DIA,-1,-1,INCENDIOS 2009 - 2017,DIA,-1,-1,incidente_forestal_2015_Monserrate_octubre,DIA,-1,-1,Incendios_2014,DIA,-1,-1,incendios_2013,DIA,-1,-1,incendios_2012,DIA,-1,-1,INCENDIOS_2011_(2),DIA,-1,-1,INCENDIO_2011_(1),DIA,-1,-1,INCENDIOS_2010,DIA,-1,-1,INCENDIOS_2009,DIA,-1,-1,Incendios  2017,DIA,-1,-1,Incedios 2016,DIA,-1,-1;Hectares "Hectares" true true false 19 Double 0 0 ,First,#,IncendiosF_2017,Hectares,-1,-1,INCENDIOS 2009 - 2017,Hectares,-1,-1,incidente_forestal_2015_Monserrate_octubre,Hectares,-1,-1,Incendios_2014,Hectares,-1,-1,incendios_2013,Hectares,-1,-1,incendios_2012,Hectares,-1,-1,INCENDIOS_2011_(2),Hectares,-1,-1,INCENDIO_2011_(1),Hectares,-1,-1,INCENDIOS_2010,Hectares,-1,-1,INCENDIOS_2009,Hectares,-1,-1,Incendios  2017,Hectares,-1,-1,Incedios 2016,Hectares,-1,-1;Perimeter "Perimeter" true true false 19 Double 0 0 ,First,#,IncendiosF_2017,Perimeter,-1,-1,INCENDIOS 2009 - 2017,Perimeter,-1,-1,incidente_forestal_2015_Monserrate_octubre,Perimeter,-1,-1,Incendios_2014,Perimeter,-1,-1,incendios_2013,Perimeter,-1,-1,incendios_2012,Perimeter,-1,-1,INCENDIOS_2011_(2),Perimeter,-1,-1,INCENDIO_2011_(1),Perimeter,-1,-1,INCENDIOS_2010,PERIMETER,-1,-1,INCENDIOS_2009,Perimeter,-1,-1,Incendios  2017,Perimeter,-1,-1,Incedios 2016,Perimeter,-1,-1;Area "Area" true true false 19 Double 0 0 ,First,#,IncendiosF_2017,Area,-1,-1,INCENDIOS 2009 - 2017,Area,-1,-1,incidente_forestal_2015_Monserrate_octubre,Area,-1,-1,Incendios_2014,Area,-1,-1,incendios_2013,Area,-1,-1,incendios_2012,Area,-1,-1,INCENDIOS_2011_(2),Area,-1,-1,INCENDIO_2011_(1),Area,-1,-1,INCENDIOS_2010,AREA,-1,-1,INCENDIOS_2009,Area,-1,-1,Incendios  2017,Area,-1,-1,Incedios 2016,Area,-1,-1;Acres "Acres" true true false 19 Double 0 0 ,First,#,IncendiosF_2017,Acres,-1,-1,INCENDIOS 2009 - 2017,Acres,-1,-1,incidente_forestal_2015_Monserrate_octubre,Acres,-1,-1,Incendios_2014,Acres,-1,-1,incendios_2013,Acres,-1,-1,incendios_2012,Acres,-1,-1,INCENDIOS_2011_(2),Acres,-1,-1,INCENDIO_2011_(1),Acres,-1,-1,INCENDIOS_2010,Acres,-1,-1,Incendios  2017,Acres,-1,-1,Incedios 2016,Acres,-1,-1;IDEN "IDEN" true true false 19 Double 0 0 ,First,#,IncendiosF_2017,IDEN,-1,-1,INCENDIOS 2009 - 2017,IDEN,-1,-1,incidente_forestal_2015_Monserrate_octubre,IDEN,-1,-1,Incendios_2014,IDEN,-1,-1,incendios_2013,IDEN,-1,-1,incendios_2012,IDEN,-1,-1,INCENDIOS_2010,IDEN,-1,-1,Incendios  2017,IDEN,-1,-1,Incedios 2016,IDEN,-1,-1;ANOTACION "ANOTACION" true true false 50 Text 0 0 ,First,#,IncendiosF_2017,ANOTACION,-1,-1,INCENDIOS 2009 - 2017,ANOTACION,-1,-1,incidente_forestal_2015_Monserrate_octubre,ANOTACION,-1,-1,Incendios_2014,ANOTACION,-1,-1,incendios_2013,ANOTACION,-1,-1,incendios_2012,ANOTACION,-1,-1,Incendios  2017,ANOTACION,-1,-1,Incedios 2016,ANOTACION,-1,-1;Shape_Leng "Shape_Leng" true true false 19 Double 0 0 ,First,#,IncendiosF_2017,Shape_Leng,-1,-1,INCENDIOS 2009 - 2017,Shape_Leng,-1,-1,incidente_forestal_2015_Monserrate_octubre,Shape_Leng,-1,-1,Incendios_2014,Shape_Leng,-1,-1,incendios_2013,Shape_Leng,-1,-1,incendios_2012,Shape_Leng,-1,-1,INCENDIOS_2011_(2),Shape_Leng,-1,-1,INCENDIO_2011_(1),Shape_Leng,-1,-1,Incendios  2017,Shape_Leng,-1,-1,Incedios 2016,Shape_Leng,-1,-1;Shape_Le_1 "Shape_Le_1" true true false 19 Double 0 0 ,First,#,IncendiosF_2017,Shape_Le_1,-1,-1,INCENDIOS 2009 - 2017,Shape_Le_1,-1,-1,incidente_forestal_2015_Monserrate_octubre,Shape_Le_1,-1,-1,Incendios  2017,Shape_Le_1,-1,-1,Incedios 2016,Shape_Le_1,-1,-1;Id "Id" true true false 19 Double 0 0 ,First,#,IncendiosF_2017,Id,-1,-1,INCENDIOS 2009 - 2017,Id,-1,-1,incidente_forestal_2015_Monserrate_octubre,Id,-1,-1,Incendios  2017,Id,-1,-1,Incedios 2016,Id,-1,-1;SHAPE_Le_2 "SHAPE_Le_2" true true false 19 Double 0 0 ,First,#,IncendiosF_2017,SHAPE_Le_2,-1,-1,Incendios  2017,SHAPE_Le_2,-1,-1;SHAPE_Area "SHAPE_Area" true true false 19 Double 0 0 ,First,#,IncendiosF_2017,SHAPE_Area,-1,-1,INCENDIOS 2009 - 2017,Shape_Area,-1,-1,incidente_forestal_2015_Monserrate_octubre,Shape_Area,-1,-1,Incendios_2014,Shape_Area,-1,-1,incendios_2013,Shape_Area,-1,-1,incendios_2012,Shape_Area,-1,-1,INCENDIOS_2011_(2),Shape_Area,-1,-1,INCENDIO_2011_(1),Shape_Area,-1,-1,Incendios  2017,SHAPE_Area,-1,-1,Incedios 2016,Shape_Area,-1,-1;AÑO_1 "AÑO_1" true true false 4 Text 0 0 ,First,#,INCENDIOS 2009 - 2017,AÑO_1,-1,-1,incidente_forestal_2015_Monserrate_octubre,AÑO_1,-1,-1,incendios_2013,AÑO_1,-1,-1;FECHA1 "FECHA1" true true false 19 Double 0 0 ,First,#,INCENDIOS_2011_(2),FECHA1,-1,-1,INCENDIO_2011_(1),FECHA1,-1,-1,INCENDIOS_2010,FECHA1,-1,-1,INCENDIOS_2009,FECHA1,-1,-1;IDEN_2 "IDEN_2" true true false 19 Double 0 0 ,First,#,INCENDIO_2011_(1),IDEN_2,-1,-1,INCENDIOS_2009,IDEN_2,-1,-1;OBSERVACI "OBSERVACI" true true false 50 Text 0 0 ,First,#,INCENDIO_2011_(1),OBSERVACI,-1,-1,INCENDIOS_2010,OBSERVACI,-1,-1,INCENDIOS_2009,OBSERVACI,-1,-1;TAMAÑO "TAMAÑO" true true false 19 Double 11 18 ,First,#,INCENDIOS_2010,TAMAÑO,-1,-1,INCENDIOS_2009,TAMAÑO,-1,-1;AÑO "AÑO" true true false 10 Long 0 10 ,First,#,INCENDIOS_2010,AÑO,-1,-1,INCENDIOS_2009,AÑO,-1,-1;ESTUDIO "ESTUDIO" true true false 50 Text 0 0 ,First,#,INCENDIOS_2010,ESTUDIO,-1,-1,INCENDIOS_2009,ESTUDIO,-1,-1;U_COB "U_COB" true true false 40 Text 0 0 ,First,#,INCENDIOS_2009,U_COB,-1,-1;COD_COB "COD_COB" true true false 5 Text 0 0 ,First,#,INCENDIOS_2009,COD_COB,-1,-1"</Process><Process ToolSource="c:\program files (x86)\arcgis\desktop10.6\ArcToolbox\Toolboxes\Data Management Tools.tbx\Merge" Date="20200113" Time="094433">Merge INCENDIOS;IF_Itrimestre_2019 C:\Users\mpcamargo\Documents\ArcGIS\Default.gdb\INCENDIOS_20_04_2018_Merge "OBJECTID "OBJECTID" true true false 10 Long 0 10 ,First,#,INCENDIOS,OBJECTID,-1,-1,IF_Itrimestre_2019,OBJECTID,-1,-1;OBSERVACIO "OBSERVACIO" true true false 50 Text 0 0 ,First,#,INCENDIOS,OBSERVACIO,-1,-1,IF_Itrimestre_2019,OBSERVACIO,-1,-1;ANO "ANO" true true false 19 Double 0 0 ,First,#,INCENDIOS,ANO,-1,-1,IF_Itrimestre_2019,ANO,-1,-1;FUENTE "FUENTE" true true false 50 Text 0 0 ,First,#,INCENDIOS,FUENTE,-1,-1,IF_Itrimestre_2019,FUENTE,-1,-1;INCIDENTE "INCIDENTE" true true false 40 Text 0 0 ,First,#,INCENDIOS,INCIDENTE,-1,-1,IF_Itrimestre_2019,INCIDENTE,-1,-1;FECHA "FECHA" true true false 8 Date 0 0 ,First,#,INCENDIOS,FECHA,-1,-1,IF_Itrimestre_2019,FECHA,-1,-1;MES "MES" true true false 20 Text 0 0 ,First,#,INCENDIOS,MES,-1,-1,IF_Itrimestre_2019,MES,-1,-1;LOCALIDAD "LOCALIDAD" true true false 50 Text 0 0 ,First,#,INCENDIOS,LOCALIDAD,-1,-1,IF_Itrimestre_2019,LOCALIDAD,-1,-1;FESTIVO "FESTIVO" true true false 40 Text 0 0 ,First,#,INCENDIOS,FESTIVO,-1,-1,IF_Itrimestre_2019,FESTIVO,-1,-1;DIA "DIA" true true false 30 Text 0 0 ,First,#,INCENDIOS,DIA,-1,-1,IF_Itrimestre_2019,DIA,-1,-1;Hectares "Hectares" true true false 19 Double 0 0 ,First,#,INCENDIOS,Hectares,-1,-1,IF_Itrimestre_2019,Hectares,-1,-1;Perimeter "Perimeter" true true false 19 Double 0 0 ,First,#,INCENDIOS,Perimeter,-1,-1;Area "Area" true true false 19 Double 0 0 ,First,#,INCENDIOS,Area,-1,-1,IF_Itrimestre_2019,Area,-1,-1;Acres "Acres" true true false 19 Double 0 0 ,First,#,INCENDIOS,Acres,-1,-1,IF_Itrimestre_2019,Acres,-1,-1;IDEN "IDEN" true true false 19 Double 0 0 ,First,#,INCENDIOS,IDEN,-1,-1,IF_Itrimestre_2019,IDEN,-1,-1;ANOTACION "ANOTACION" true true false 50 Text 0 0 ,First,#,INCENDIOS,ANOTACION,-1,-1,IF_Itrimestre_2019,ANOTACION,-1,-1;AÑO_1 "AÑO_1" true true false 4 Text 0 0 ,First,#,INCENDIOS,AÑO_1,-1,-1;FECHA1 "FECHA1" true true false 19 Double 0 0 ,First,#,INCENDIOS,FECHA1,-1,-1;IDEN_2 "IDEN_2" true true false 19 Double 0 0 ,First,#,INCENDIOS,IDEN_2,-1,-1;OBSERVACI "OBSERVACI" true true false 50 Text 0 0 ,First,#,INCENDIOS,OBSERVACI,-1,-1;TAMAÑO "TAMAÑO" true true false 19 Double 0 0 ,First,#,INCENDIOS,TAMAÑO,-1,-1;AÑO "AÑO" true true false 10 Long 0 10 ,First,#,INCENDIOS,AÑO,-1,-1;ESTUDIO "ESTUDIO" true true false 50 Text 0 0 ,First,#,INCENDIOS,ESTUDIO,-1,-1;U_COB "U_COB" true true false 40 Text 0 0 ,First,#,INCENDIOS,U_COB,-1,-1;COD_COB "COD_COB" true true false 5 Text 0 0 ,First,#,INCENDIOS,COD_COB,-1,-1"</Process><Process ToolSource="c:\program files (x86)\arcgis\desktop10.6\ArcToolbox\Toolboxes\Data Management Tools.tbx\CalculateField" Date="20200211" Time="103957">CalculateField INCENDIO_FORESTAL_2009_2019 ID_IF [OBJECTID_1] VB #</Process><Process ToolSource="c:\program files (x86)\arcgis\desktop10.6\ArcToolbox\Toolboxes\Data Management Tools.tbx\CalculateField" Date="20200211" Time="104115">CalculateField INCENDIO_FORESTAL_2009_2019 BARRIO [INCIDENTE] VB #</Process><Process ToolSource="c:\program files (x86)\arcgis\desktop10.6\ArcToolbox\Toolboxes\Data Management Tools.tbx\CalculateField" Date="20200211" Time="104128">CalculateField INCENDIO_FORESTAL_2009_2019 BARRIO [INCIDENTE] VB #</Process><Process ToolSource="c:\program files (x86)\arcgis\desktop10.6\ArcToolbox\Toolboxes\Data Management Tools.tbx\CalculateField" Date="20200211" Time="104214">CalculateField INCENDIO_FORESTAL_2009_2019 INCIDENTE "" VB #</Process><Process ToolSource="c:\program files (x86)\arcgis\desktop10.6\ArcToolbox\Toolboxes\Data Management Tools.tbx\CalculateField" Date="20200211" Time="104229">CalculateField INCENDIO_FORESTAL_2009_2019 INCIDENTE "" VB #</Process><Process ToolSource="c:\program files (x86)\arcgis\desktop10.6\ArcToolbox\Toolboxes\Data Management Tools.tbx\CalculateField" Date="20200211" Time="104305">CalculateField INCENDIO_FORESTAL_2009_2019 INCIDENTE "Incendio Forestal" VB #</Process><Process ToolSource="c:\program files (x86)\arcgis\desktop10.6\ArcToolbox\Toolboxes\Conversion Tools.tbx\FeatureClassToFeatureClass" Date="20200311" Time="145433">FeatureClassToFeatureClass V:\INFORMACION_GEOGRAFICA\1_GDB_MISIONAL\04_EMERGENCIAS.mdb\B_EVENTOS_EMERGENCIAS\INCENDIO_FORESTAL_2009_2019 C:\Users\mclavijo\SIG\SHP\INCENDIOS_2009_2019 Incendios_2009_2019.shp # "OBSERVACIO "OBSERVACIO" true true false 50 Text 0 0 ,First,#,V:\INFORMACION_GEOGRAFICA\1_GDB_MISIONAL\04_EMERGENCIAS.mdb\B_EVENTOS_EMERGENCIAS\INCENDIO_FORESTAL_2009_2019,OBSERVACIO,-1,-1;ANO "ANO" true true false 8 Double 0 0 ,First,#,V:\INFORMACION_GEOGRAFICA\1_GDB_MISIONAL\04_EMERGENCIAS.mdb\B_EVENTOS_EMERGENCIAS\INCENDIO_FORESTAL_2009_2019,ANO,-1,-1;FUENTE "FUENTE" true true false 50 Text 0 0 ,First,#,V:\INFORMACION_GEOGRAFICA\1_GDB_MISIONAL\04_EMERGENCIAS.mdb\B_EVENTOS_EMERGENCIAS\INCENDIO_FORESTAL_2009_2019,FUENTE,-1,-1;INCIDENTE "INCIDENTE" true true false 40 Text 0 0 ,First,#,V:\INFORMACION_GEOGRAFICA\1_GDB_MISIONAL\04_EMERGENCIAS.mdb\B_EVENTOS_EMERGENCIAS\INCENDIO_FORESTAL_2009_2019,INCIDENTE,-1,-1;FECHA "FECHA" true true false 8 Date 0 0 ,First,#,V:\INFORMACION_GEOGRAFICA\1_GDB_MISIONAL\04_EMERGENCIAS.mdb\B_EVENTOS_EMERGENCIAS\INCENDIO_FORESTAL_2009_2019,FECHA,-1,-1;MES "MES" true true false 20 Text 0 0 ,First,#,V:\INFORMACION_GEOGRAFICA\1_GDB_MISIONAL\04_EMERGENCIAS.mdb\B_EVENTOS_EMERGENCIAS\INCENDIO_FORESTAL_2009_2019,MES,-1,-1;LOCALIDAD "LOCALIDAD" true true false 50 Text 0 0 ,First,#,V:\INFORMACION_GEOGRAFICA\1_GDB_MISIONAL\04_EMERGENCIAS.mdb\B_EVENTOS_EMERGENCIAS\INCENDIO_FORESTAL_2009_2019,LOCALIDAD,-1,-1;FESTIVO "FESTIVO" true true false 40 Text 0 0 ,First,#,V:\INFORMACION_GEOGRAFICA\1_GDB_MISIONAL\04_EMERGENCIAS.mdb\B_EVENTOS_EMERGENCIAS\INCENDIO_FORESTAL_2009_2019,FESTIVO,-1,-1;DIA "DIA" true true false 30 Text 0 0 ,First,#,V:\INFORMACION_GEOGRAFICA\1_GDB_MISIONAL\04_EMERGENCIAS.mdb\B_EVENTOS_EMERGENCIAS\INCENDIO_FORESTAL_2009_2019,DIA,-1,-1;Hectares "Hectares" true true false 8 Double 0 0 ,First,#,V:\INFORMACION_GEOGRAFICA\1_GDB_MISIONAL\04_EMERGENCIAS.mdb\B_EVENTOS_EMERGENCIAS\INCENDIO_FORESTAL_2009_2019,Hectares,-1,-1;FECHA1 "FECHA1" true true false 8 Double 0 0 ,First,#,V:\INFORMACION_GEOGRAFICA\1_GDB_MISIONAL\04_EMERGENCIAS.mdb\B_EVENTOS_EMERGENCIAS\INCENDIO_FORESTAL_2009_2019,FECHA1,-1,-1;U_COB "U_COB" true true false 40 Text 0 0 ,First,#,V:\INFORMACION_GEOGRAFICA\1_GDB_MISIONAL\04_EMERGENCIAS.mdb\B_EVENTOS_EMERGENCIAS\INCENDIO_FORESTAL_2009_2019,U_COB,-1,-1;COD_COB "COD_COB" true true false 5 Text 0 0 ,First,#,V:\INFORMACION_GEOGRAFICA\1_GDB_MISIONAL\04_EMERGENCIAS.mdb\B_EVENTOS_EMERGENCIAS\INCENDIO_FORESTAL_2009_2019,COD_COB,-1,-1;Shape_Leng "Shape_Leng" false true true 8 Double 0 0 ,First,#,V:\INFORMACION_GEOGRAFICA\1_GDB_MISIONAL\04_EMERGENCIAS.mdb\B_EVENTOS_EMERGENCIAS\INCENDIO_FORESTAL_2009_2019,Shape_Length,-1,-1;Shape_Area "Shape_Area" false true true 8 Double 0 0 ,First,#,V:\INFORMACION_GEOGRAFICA\1_GDB_MISIONAL\04_EMERGENCIAS.mdb\B_EVENTOS_EMERGENCIAS\INCENDIO_FORESTAL_2009_2019,Shape_Area,-1,-1;ID_IF "ID_IF" true true false 2 Short 0 0 ,First,#,V:\INFORMACION_GEOGRAFICA\1_GDB_MISIONAL\04_EMERGENCIAS.mdb\B_EVENTOS_EMERGENCIAS\INCENDIO_FORESTAL_2009_2019,ID_IF,-1,-1;BARRIO "BARRIO" true true false 250 Text 0 0 ,First,#,V:\INFORMACION_GEOGRAFICA\1_GDB_MISIONAL\04_EMERGENCIAS.mdb\B_EVENTOS_EMERGENCIAS\INCENDIO_FORESTAL_2009_2019,BARRIO,-1,-1" #</Process><Process ToolSource="c:\program files (x86)\arcgis\desktop10.6\ArcToolbox\Toolboxes\Conversion Tools.tbx\FeatureClassToFeatureClass" Date="20220322" Time="103651">FeatureClassToFeatureClass C:\STEVEN_2019\INCENDIOS_FORESTALES_SHP_1995-2019\Incendios_2009_2019.shp C:\STEVEN_2019\INCENDIOS_FORESTALES_SHP_1995-2019\INCENDIOS_FORESTALES.mdb\FORETALES Incendios_2009_2019 # "OBSERVACIO "OBSERVACIO" true true false 50 Text 0 0 ,First,#,C:\STEVEN_2019\INCENDIOS_FORESTALES_SHP_1995-2019\Incendios_2009_2019.shp,OBSERVACIO,-1,-1;ANO "ANO" true true false 19 Double 0 0 ,First,#,C:\STEVEN_2019\INCENDIOS_FORESTALES_SHP_1995-2019\Incendios_2009_2019.shp,ANO,-1,-1;FUENTE "FUENTE" true true false 50 Text 0 0 ,First,#,C:\STEVEN_2019\INCENDIOS_FORESTALES_SHP_1995-2019\Incendios_2009_2019.shp,FUENTE,-1,-1;INCIDENTE "INCIDENTE" true true false 40 Text 0 0 ,First,#,C:\STEVEN_2019\INCENDIOS_FORESTALES_SHP_1995-2019\Incendios_2009_2019.shp,INCIDENTE,-1,-1;FECHA "FECHA" true true false 8 Date 0 0 ,First,#,C:\STEVEN_2019\INCENDIOS_FORESTALES_SHP_1995-2019\Incendios_2009_2019.shp,FECHA,-1,-1;MES "MES" true true false 20 Text 0 0 ,First,#,C:\STEVEN_2019\INCENDIOS_FORESTALES_SHP_1995-2019\Incendios_2009_2019.shp,MES,-1,-1;LOCALIDAD "LOCALIDAD" true true false 50 Text 0 0 ,First,#,C:\STEVEN_2019\INCENDIOS_FORESTALES_SHP_1995-2019\Incendios_2009_2019.shp,LOCALIDAD,-1,-1;FESTIVO "FESTIVO" true true false 40 Text 0 0 ,First,#,C:\STEVEN_2019\INCENDIOS_FORESTALES_SHP_1995-2019\Incendios_2009_2019.shp,FESTIVO,-1,-1;DIA "DIA" true true false 30 Text 0 0 ,First,#,C:\STEVEN_2019\INCENDIOS_FORESTALES_SHP_1995-2019\Incendios_2009_2019.shp,DIA,-1,-1;Hectares "Hectares" true true false 19 Double 0 0 ,First,#,C:\STEVEN_2019\INCENDIOS_FORESTALES_SHP_1995-2019\Incendios_2009_2019.shp,Hectares,-1,-1;FECHA1 "FECHA1" true true false 19 Double 0 0 ,First,#,C:\STEVEN_2019\INCENDIOS_FORESTALES_SHP_1995-2019\Incendios_2009_2019.shp,FECHA1,-1,-1;U_COB "U_COB" true true false 40 Text 0 0 ,First,#,C:\STEVEN_2019\INCENDIOS_FORESTALES_SHP_1995-2019\Incendios_2009_2019.shp,U_COB,-1,-1;COD_COB "COD_COB" true true false 5 Text 0 0 ,First,#,C:\STEVEN_2019\INCENDIOS_FORESTALES_SHP_1995-2019\Incendios_2009_2019.shp,COD_COB,-1,-1;Shape_Leng "Shape_Leng" true true false 19 Double 0 0 ,First,#,C:\STEVEN_2019\INCENDIOS_FORESTALES_SHP_1995-2019\Incendios_2009_2019.shp,Shape_Leng,-1,-1;Shape_Area "Shape_Area" true true false 19 Double 0 0 ,First,#,C:\STEVEN_2019\INCENDIOS_FORESTALES_SHP_1995-2019\Incendios_2009_2019.shp,Shape_Area,-1,-1;ID_IF "ID_IF" true true false 5 Long 0 5 ,First,#,C:\STEVEN_2019\INCENDIOS_FORESTALES_SHP_1995-2019\Incendios_2009_2019.shp,ID_IF,-1,-1;BARRIO "BARRIO" true true false 250 Text 0 0 ,First,#,C:\STEVEN_2019\INCENDIOS_FORESTALES_SHP_1995-2019\Incendios_2009_2019.shp,BARRIO,-1,-1" #</Process><Process ToolSource="c:\program files\arcgis\pro\Resources\ArcToolbox\toolboxes\Data Management Tools.tbx\CalculateGeometryAttributes" Date="20220616" Time="114600">CalculateGeometryAttributes INCENDIOS_FORESTALES_2009_2021 "Hectares AREA" # Hectares PROJCS["MAGNA_Ciudad_Bogota",GEOGCS["GCS_MAGNA",DATUM["D_MAGNA",SPHEROID["GRS_1980",6378137.0,298.257222101]],PRIMEM["Greenwich",0.0],UNIT["Degree",0.0174532925199433]],PROJECTION["Transverse_Mercator"],PARAMETER["False_Easting",92334.879],PARAMETER["False_Northing",109320.965],PARAMETER["Central_Meridian",-74.14659166666668],PARAMETER["Scale_Factor",1.000399803265436],PARAMETER["Latitude_Of_Origin",4.680486111111112],UNIT["Meter",1.0]] "Same as input"</Process><Process ToolSource="c:\program files\arcgis\pro\Resources\ArcToolbox\toolboxes\Data Management Tools.tbx\CalculateField" Date="20220616" Time="115550">CalculateField INCENDIOS_FORESTALES_2009_2021 ANO "2022" Arcade # Text NO_ENFORCE_DOMAINS</Process><Process ToolSource="c:\program files\arcgis\pro\Resources\ArcToolbox\toolboxes\Data Management Tools.tbx\CalculateField" Date="20220616" Time="115609">CalculateField INCENDIOS_FORESTALES_2009_2021 FUENTE "UAECOB" Arcade # Text NO_ENFORCE_DOMAINS</Process><Process ToolSource="c:\program files\arcgis\pro\Resources\ArcToolbox\toolboxes\Data Management Tools.tbx\CalculateGeometryAttributes" Date="20220616" Time="122837">CalculateGeometryAttributes INCENDIOS_FORESTALES_2009_2021 "Hectares AREA" # Hectares PROJCS["MAGNA_Ciudad_Bogota",GEOGCS["GCS_MAGNA",DATUM["D_MAGNA",SPHEROID["GRS_1980",6378137.0,298.257222101]],PRIMEM["Greenwich",0.0],UNIT["Degree",0.0174532925199433]],PROJECTION["Transverse_Mercator"],PARAMETER["False_Easting",92334.879],PARAMETER["False_Northing",109320.965],PARAMETER["Central_Meridian",-74.14659166666668],PARAMETER["Scale_Factor",1.000399803265436],PARAMETER["Latitude_Of_Origin",4.680486111111112],UNIT["Meter",1.0]] "Same as input"</Process><Process ToolSource="c:\program files\arcgis\pro\Resources\ArcToolbox\toolboxes\Data Management Tools.tbx\CalculateGeometryAttributes" Date="20220616" Time="142020">CalculateGeometryAttributes INCENDIOS_FORESTALES_2009_2021 "Hectares AREA" # Hectares PROJCS["MAGNA_Ciudad_Bogota",GEOGCS["GCS_MAGNA",DATUM["D_MAGNA",SPHEROID["GRS_1980",6378137.0,298.257222101]],PRIMEM["Greenwich",0.0],UNIT["Degree",0.0174532925199433]],PROJECTION["Transverse_Mercator"],PARAMETER["False_Easting",92334.879],PARAMETER["False_Northing",109320.965],PARAMETER["Central_Meridian",-74.14659166666668],PARAMETER["Scale_Factor",1.000399803265436],PARAMETER["Latitude_Of_Origin",4.680486111111112],UNIT["Meter",1.0]] "Same as input"</Process><Process ToolSource="c:\program files\arcgis\pro\Resources\ArcToolbox\toolboxes\Data Management Tools.tbx\CalculateGeometryAttributes" Date="20220616" Time="142055">CalculateGeometryAttributes INCENDIOS_FORESTALES_2009_2021 "Hectares AREA" # Hectares PROJCS["MAGNA_Ciudad_Bogota",GEOGCS["GCS_MAGNA",DATUM["D_MAGNA",SPHEROID["GRS_1980",6378137.0,298.257222101]],PRIMEM["Greenwich",0.0],UNIT["Degree",0.0174532925199433]],PROJECTION["Transverse_Mercator"],PARAMETER["False_Easting",92334.879],PARAMETER["False_Northing",109320.965],PARAMETER["Central_Meridian",-74.14659166666668],PARAMETER["Scale_Factor",1.000399803265436],PARAMETER["Latitude_Of_Origin",4.680486111111112],UNIT["Meter",1.0]] "Same as input"</Process><Process ToolSource="c:\program files\arcgis\pro\Resources\ArcToolbox\toolboxes\Data Management Tools.tbx\CalculateGeometryAttributes" Date="20220616" Time="142633">CalculateGeometryAttributes INCENDIOS_FORESTALES_2009_2021 "Hectares AREA_GEODESIC" # Hectares PROJCS["MAGNA_Ciudad_Bogota",GEOGCS["GCS_MAGNA",DATUM["D_MAGNA",SPHEROID["GRS_1980",6378137.0,298.257222101]],PRIMEM["Greenwich",0.0],UNIT["Degree",0.0174532925199433]],PROJECTION["Transverse_Mercator"],PARAMETER["False_Easting",92334.879],PARAMETER["False_Northing",109320.965],PARAMETER["Central_Meridian",-74.14659166666668],PARAMETER["Scale_Factor",1.000399803265436],PARAMETER["Latitude_Of_Origin",4.680486111111112],UNIT["Meter",1.0]] "Same as input"</Process><Process ToolSource="c:\program files\arcgis\pro\Resources\ArcToolbox\toolboxes\Data Management Tools.tbx\CalculateField" Date="20220616" Time="143230">CalculateField INCENDIOS_FORESTALES_2009_2021 MES "DICIEMBRE" Arcade # Text NO_ENFORCE_DOMAINS</Process><Process ToolSource="c:\program files\arcgis\pro\Resources\ArcToolbox\toolboxes\Data Management Tools.tbx\CalculateField" Date="20220616" Time="143305">CalculateField INCENDIOS_FORESTALES_2009_2021 MES "ENERO" Arcade ENERO Text NO_ENFORCE_DOMAINS</Process><Process ToolSource="c:\program files\arcgis\pro\Resources\ArcToolbox\toolboxes\Data Management Tools.tbx\CalculateField" Date="20220616" Time="143351">CalculateField INCENDIOS_FORESTALES_2009_2021 MES "FEBRERO" Arcade # Text NO_ENFORCE_DOMAINS</Process><Process ToolSource="c:\program files\arcgis\pro\Resources\ArcToolbox\toolboxes\Data Management Tools.tbx\CalculateField" Date="20220616" Time="143421">CalculateField INCENDIOS_FORESTALES_2009_2021 MES "MARZO" Arcade # Text NO_ENFORCE_DOMAINS</Process><Process ToolSource="c:\program files\arcgis\pro\Resources\ArcToolbox\toolboxes\Data Management Tools.tbx\CalculateField" Date="20220616" Time="143445">CalculateField INCENDIOS_FORESTALES_2009_2021 MES "NOVIEMBRE" Arcade # Text NO_ENFORCE_DOMAINS</Process><Process ToolSource="c:\program files\arcgis\pro\Resources\ArcToolbox\toolboxes\Data Management Tools.tbx\CalculateField" Date="20220616" Time="143556">CalculateField INCENDIOS_FORESTALES_2009_2021 FUENTE "UAECOB" Arcade # Text NO_ENFORCE_DOMAINS</Process><Process ToolSource="c:\program files\arcgis\pro\Resources\ArcToolbox\toolboxes\Data Management Tools.tbx\CalculateField" Date="20220616" Time="143822">CalculateField INCENDIOS_FORESTALES_2009_2021 LOCALIDAD "USME" Arcade # Text NO_ENFORCE_DOMAINS</Process><Process ToolSource="c:\program files\arcgis\pro\Resources\ArcToolbox\toolboxes\Data Management Tools.tbx\CalculateField" Date="20220616" Time="143940">CalculateField INCENDIOS_FORESTALES_2009_2021 LOCALIDAD "CIUDAD BOLIVAR" Arcade # Text NO_ENFORCE_DOMAINS</Process><Process ToolSource="c:\program files\arcgis\pro\Resources\ArcToolbox\toolboxes\Data Management Tools.tbx\CalculateField" Date="20220616" Time="144121">CalculateField INCENDIOS_FORESTALES_2009_2021 LOCALIDAD "SAN CRISTOBAL" Arcade # Text NO_ENFORCE_DOMAINS</Process><Process ToolSource="c:\program files\arcgis\pro\Resources\ArcToolbox\toolboxes\Data Management Tools.tbx\CalculateField" Date="20220616" Time="144226">CalculateField INCENDIOS_FORESTALES_2009_2021 LOCALIDAD "BOSA" Arcade # Text NO_ENFORCE_DOMAINS</Process><Process ToolSource="c:\program files\arcgis\pro\Resources\ArcToolbox\toolboxes\Data Management Tools.tbx\CalculateField" Date="20220616" Time="144310">CalculateField INCENDIOS_FORESTALES_2009_2021 LOCALIDAD "CHAPINERO" Arcade # Text NO_ENFORCE_DOMAINS</Process><Process ToolSource="c:\program files\arcgis\pro\Resources\ArcToolbox\toolboxes\Data Management Tools.tbx\CalculateField" Date="20220616" Time="144327">CalculateField INCENDIOS_FORESTALES_2009_2021 LOCALIDAD "USAQUEN" Arcade # Text NO_ENFORCE_DOMAINS</Process><Process ToolSource="c:\program files\arcgis\pro\Resources\ArcToolbox\toolboxes\Data Management Tools.tbx\CalculateField" Date="20220616" Time="144406">CalculateField INCENDIOS_FORESTALES_2009_2021 LOCALIDAD "RAFAEL URIBE URIBE" Arcade # Text NO_ENFORCE_DOMAINS</Process><Process ToolSource="c:\program files\arcgis\pro\Resources\ArcToolbox\toolboxes\Data Management Tools.tbx\DeleteField" Date="20220616" Time="145604">DeleteField INCENDIOS_FORESTALES_2009_2021 COD_COB "Delete Fields"</Process><Process ToolSource="c:\program files\arcgis\pro\Resources\ArcToolbox\toolboxes\Data Management Tools.tbx\DeleteField" Date="20220616" Time="145611">DeleteField INCENDIOS_FORESTALES_2009_2021 U_COB "Delete Fields"</Process><Process ToolSource="c:\program files\arcgis\pro\Resources\ArcToolbox\toolboxes\Data Management Tools.tbx\DeleteField" Date="20220616" Time="145621">DeleteField INCENDIOS_FORESTALES_2009_2021 FESTIVO "Delete Fields"</Process><Process ToolSource="c:\program files\arcgis\pro\Resources\ArcToolbox\toolboxes\Data Management Tools.tbx\DeleteField" Date="20220616" Time="145629">DeleteField INCENDIOS_FORESTALES_2009_2021 DIA "Delete Fields"</Process><Process ToolSource="c:\program files\arcgis\pro\Resources\ArcToolbox\toolboxes\Data Management Tools.tbx\CalculateGeometryAttributes" Date="20220628" Time="103425">CalculateGeometryAttributes INCENDIOS_FORESTALES_2009_2021 "Hectares AREA" # Hectares # "Same as input"</Process><Process ToolSource="c:\program files\arcgis\pro\Resources\ArcToolbox\toolboxes\Data Management Tools.tbx\CalculateField" Date="20220628" Time="134552">CalculateField INCENDIOS_FORESTALES_2009_2021 OBSERVACIO "SIN DATO" Arcade # Text NO_ENFORCE_DOMAINS</Process><Process ToolSource="c:\program files\arcgis\pro\Resources\ArcToolbox\toolboxes\Data Management Tools.tbx\CalculateGeometryAttributes" Date="20220831" Time="101003">CalculateGeometryAttributes INCENDIOS_FORESTALES_2009_2021 "Hectares AREA" # Hectares PROJCS["MAGNA_Ciudad_Bogota",GEOGCS["GCS_MAGNA",DATUM["D_MAGNA",SPHEROID["GRS_1980",6378137.0,298.257222101]],PRIMEM["Greenwich",0.0],UNIT["Degree",0.0174532925199433]],PROJECTION["Transverse_Mercator"],PARAMETER["False_Easting",92334.879],PARAMETER["False_Northing",109320.965],PARAMETER["Central_Meridian",-74.14659166666668],PARAMETER["Scale_Factor",1.000399803265436],PARAMETER["Latitude_Of_Origin",4.680486111111112],UNIT["Meter",1.0]] "Same as input"</Process><Process ToolSource="c:\program files\arcgis\pro\Resources\ArcToolbox\toolboxes\Data Management Tools.tbx\CalculateGeometryAttributes" Date="20220831" Time="102814">CalculateGeometryAttributes INCENDIOS_FORESTALES_2009_2021 "Hectares AREA" # Hectares # "Same as input"</Process><Process ToolSource="c:\program files\arcgis\pro\Resources\ArcToolbox\toolboxes\Conversion Tools.tbx\FeatureClassToFeatureClass" Date="20220930" Time="082651">FeatureClassToFeatureClass INCENDIOS_FORESTALES_2009_2021 C:\Backup\STEVEN_2019\BOMBEROS_2022\CARTO_BASE\CONTROL_CALIDAD_IDECA IF_2009_2022.shp # "OBJECTID "OBJECTID" true true false 10 Long 0 10,First,#,INCENDIOS_FORESTALES_2009_2021,OBJECTID,-1,-1;OBSERVACIO "OBSERVACIO" true true false 50 Text 0 0,First,#,INCENDIOS_FORESTALES_2009_2021,OBSERVACIO,0,50;ANO "ANO" true true false 19 Double 0 0,First,#,INCENDIOS_FORESTALES_2009_2021,ANO,-1,-1;FUENTE "FUENTE" true true false 50 Text 0 0,First,#,INCENDIOS_FORESTALES_2009_2021,FUENTE,0,50;INCIDENTE "INCIDENTE" true true false 40 Text 0 0,First,#,INCENDIOS_FORESTALES_2009_2021,INCIDENTE,0,40;FECHA "FECHA" true true false 8 Date 0 0,First,#,INCENDIOS_FORESTALES_2009_2021,FECHA,-1,-1;MES "MES" true true false 20 Text 0 0,First,#,INCENDIOS_FORESTALES_2009_2021,MES,0,20;LOCALIDAD "LOCALIDAD" true true false 50 Text 0 0,First,#,INCENDIOS_FORESTALES_2009_2021,LOCALIDAD,0,50;Hectares "Hectares" true true false 19 Double 0 0,First,#,INCENDIOS_FORESTALES_2009_2021,Hectares,-1,-1;FECHA1 "FECHA1" true true false 19 Double 0 0,First,#,INCENDIOS_FORESTALES_2009_2021,FECHA1,-1,-1;Shape_Leng "Shape_Leng" true true false 19 Double 0 0,First,#,INCENDIOS_FORESTALES_2009_2021,Shape_Leng,-1,-1;ID_IF "ID_IF" true true false 10 Long 0 10,First,#,INCENDIOS_FORESTALES_2009_2021,ID_IF,-1,-1;BARRIO "BARRIO" true true false 250 Text 0 0,First,#,INCENDIOS_FORESTALES_2009_2021,BARRIO,0,250;Shape_Le_1 "Shape_Le_1" true true false 19 Double 0 0,First,#,INCENDIOS_FORESTALES_2009_2021,Shape_Le_1,-1,-1;Shape_Area "Shape_Area" true true false 19 Double 0 0,First,#,INCENDIOS_FORESTALES_2009_2021,Shape_Area,-1,-1" #</Process><Process ToolSource="c:\program files\arcgis\pro\Resources\ArcToolbox\toolboxes\Data Management Tools.tbx\CalculateGeometryAttributes" Date="20230126" Time="105223">CalculateGeometryAttributes IF_2009_2022 "Hectares AREA" # Hectares # "Same as input"</Process><Process ToolSource="c:\program files\arcgis\pro\Resources\ArcToolbox\toolboxes\Conversion Tools.tbx\ExportFeatures" Date="20230126" Time="105847">ExportFeatures IF_2009_2022 "C:\Backup\STEVEN_2019\BOMBEROS_2022\CARTO_BASE\SHP\datos abiertos\Incendios_Forestales_2009_2022\Incendios_Forestales_2009_2022.shp" # NOT_USE_ALIAS "OBJECTID "OBJECTID" true true false 10 Long 0 10,First,#,IF_2009_2022,OBJECTID,-1,-1;OBSERVACIO "OBSERVACIO" true true false 50 Text 0 0,First,#,IF_2009_2022,OBSERVACIO,0,50;ANO "ANO" true true false 19 Double 0 0,First,#,IF_2009_2022,ANO,-1,-1;FUENTE "FUENTE" true true false 50 Text 0 0,First,#,IF_2009_2022,FUENTE,0,50;INCIDENTE "INCIDENTE" true true false 40 Text 0 0,First,#,IF_2009_2022,INCIDENTE,0,40;FECHA "FECHA" true true false 8 Date 0 0,First,#,IF_2009_2022,FECHA,-1,-1;MES "MES" true true false 20 Text 0 0,First,#,IF_2009_2022,MES,0,20;LOCALIDAD "LOCALIDAD" true true false 50 Text 0 0,First,#,IF_2009_2022,LOCALIDAD,0,50;Hectares "Hectares" true true false 19 Double 0 0,First,#,IF_2009_2022,Hectares,-1,-1;FECHA1 "FECHA1" true true false 19 Double 0 0,First,#,IF_2009_2022,FECHA1,-1,-1;Shape_Leng "Shape_Leng" true true false 19 Double 0 0,First,#,IF_2009_2022,Shape_Leng,-1,-1;ID_IF "ID_IF" true true false 10 Long 0 10,First,#,IF_2009_2022,ID_IF,-1,-1;BARRIO "BARRIO" true true false 250 Text 0 0,First,#,IF_2009_2022,BARRIO,0,250;Shape_Le_1 "Shape_Le_1" true true false 19 Double 0 0,First,#,IF_2009_2022,Shape_Le_1,-1,-1;Shape_Area "Shape_Area" true true false 19 Double 0 0,First,#,IF_2009_2022,Shape_Area,-1,-1" #</Process><Process ToolSource="c:\program files\arcgis\pro\Resources\ArcToolbox\toolboxes\Data Management Tools.tbx\CopyFeatures" Date="20230614" Time="094731">CopyFeatures C:\Backup\STEVEN_2019\BOMBEROS_2023\CARTO_BASE\SHP\Incendios_Forestales_2009_2022.shp C:\Backup\STEVEN_2019\BOMBEROS_2023\BASE_INCIDENTES\UAECOB.gdb\DATOS_UAECOB_2020\Incendios_Forestales_2009_2022 # # # #</Process><Process ToolSource="c:\program files\arcgis\pro\Resources\ArcToolbox\toolboxes\Data Management Tools.tbx\Rename" Date="20230614" Time="094905">Rename C:\Backup\STEVEN_2019\BOMBEROS_2023\BASE_INCIDENTES\UAECOB.gdb\DATOS_UAECOB_2020\Incendios_Forestales_2009_2022 C:\Backup\STEVEN_2019\BOMBEROS_2023\BASE_INCIDENTES\UAECOB.gdb\DATOS_UAECOB_2020\Area_Afectada_Evento_Forestal_2009_2022 FeatureClass</Process><Process ToolSource="c:\program files\arcgis\pro\Resources\ArcToolbox\Toolboxes\Data Management Tools.tbx\DeleteField" Date="20230717" Time="112837">DeleteField Area_Afectada_Evento_Forestal_2009_2022 OBJECTID "Delete Fields"</Process><Process ToolSource="c:\program files\arcgis\pro\Resources\ArcToolbox\Toolboxes\Data Management Tools.tbx\DeleteField" Date="20230717" Time="112846">DeleteField Area_Afectada_Evento_Forestal_2009_2022 ANO "Delete Fields"</Process><Process ToolSource="c:\program files\arcgis\pro\Resources\ArcToolbox\Toolboxes\Data Management Tools.tbx\DeleteField" Date="20230717" Time="112852">DeleteField Area_Afectada_Evento_Forestal_2009_2022 FUENTE "Delete Fields"</Process><Process ToolSource="c:\program files\arcgis\pro\Resources\ArcToolbox\Toolboxes\Data Management Tools.tbx\DeleteField" Date="20230717" Time="112901">DeleteField Area_Afectada_Evento_Forestal_2009_2022 MES "Delete Fields"</Process><Process ToolSource="c:\program files\arcgis\pro\Resources\ArcToolbox\Toolboxes\Data Management Tools.tbx\DeleteField" Date="20230717" Time="112907">DeleteField Area_Afectada_Evento_Forestal_2009_2022 FECHA1 "Delete Fields"</Process><Process ToolSource="c:\program files\arcgis\pro\Resources\ArcToolbox\Toolboxes\Data Management Tools.tbx\DeleteField" Date="20230717" Time="112913">DeleteField Area_Afectada_Evento_Forestal_2009_2022 ID_IF "Delete Fields"</Process><Process ToolSource="c:\program files\arcgis\pro\Resources\ArcToolbox\Toolboxes\Data Management Tools.tbx\UpdateSchema" Date="20230717" Time="113038">UpdateSchema "CIMDATA=&lt;CIMFeatureDatasetDataConnection xsi:type='typens:CIMFeatureDatasetDataConnection' xmlns:xsi='http://www.w3.org/2001/XMLSchema-instance' xmlns:xs='http://www.w3.org/2001/XMLSchema' xmlns:typens='http://www.esri.com/schemas/ArcGIS/3.0.0'&gt;&lt;FeatureDataset&gt;DATOS_UAECOB_2020&lt;/FeatureDataset&gt;&lt;WorkspaceConnectionString&gt;DATABASE=C:\Backup\STEVEN_2019\BOMBEROS_2023\BASE_INCIDENTES\UAECOB.gdb&lt;/WorkspaceConnectionString&gt;&lt;WorkspaceFactory&gt;FileGDB&lt;/WorkspaceFactory&gt;&lt;Dataset&gt;Area_Afectada_Evento_Forestal_2009_2022&lt;/Dataset&gt;&lt;DatasetType&gt;esriDTFeatureClass&lt;/DatasetType&gt;&lt;/CIMFeatureDatasetDataConnection&gt;" &lt;operationSequence&gt;&lt;workflow&gt;&lt;AlterField&gt;&lt;field_name&gt;INCIDENTE&lt;/field_name&gt;&lt;new_field_name&gt;TIPO_INCIDENTE&lt;/new_field_name&gt;&lt;field_type&gt;TEXT&lt;/field_type&gt;&lt;field_is_nullable&gt;True&lt;/field_is_nullable&gt;&lt;clear_field_alias&gt;False&lt;/clear_field_alias&gt;&lt;/AlterField&gt;&lt;/workflow&gt;&lt;workflow&gt;&lt;AlterField&gt;&lt;field_name&gt;FECHA&lt;/field_name&gt;&lt;new_field_name&gt;FECHA_INCIDENTE&lt;/new_field_name&gt;&lt;field_is_nullable&gt;True&lt;/field_is_nullable&gt;&lt;clear_field_alias&gt;False&lt;/clear_field_alias&gt;&lt;/AlterField&gt;&lt;/workflow&gt;&lt;workflow&gt;&lt;AlterField&gt;&lt;field_name&gt;Hectares&lt;/field_name&gt;&lt;new_field_name&gt;AREA_AFECTADA_Ha&lt;/new_field_name&gt;&lt;field_is_nullable&gt;True&lt;/field_is_nullable&gt;&lt;clear_field_alias&gt;False&lt;/clear_field_alias&gt;&lt;/AlterField&gt;&lt;/workflow&gt;&lt;workflow&gt;&lt;AddField&gt;&lt;field_name&gt;Field&lt;/field_name&gt;&lt;field_type&gt;LONG&lt;/field_type&gt;&lt;field_is_nullable&gt;True&lt;/field_is_nullable&gt;&lt;field_is_required&gt;False&lt;/field_is_required&gt;&lt;/AddField&gt;&lt;/workflow&gt;&lt;/operationSequence&gt;</Process><Process ToolSource="c:\program files\arcgis\pro\Resources\ArcToolbox\Toolboxes\Data Management Tools.tbx\DeleteField" Date="20230717" Time="113059">DeleteField Area_Afectada_Evento_Forestal_2009_2022 Shape_Le_1 "Delete Fields"</Process><Process ToolSource="c:\program files\arcgis\pro\Resources\ArcToolbox\Toolboxes\Data Management Tools.tbx\DeleteField" Date="20230717" Time="113107">DeleteField Area_Afectada_Evento_Forestal_2009_2022 Shape_Leng "Delete Fields"</Process><Process ToolSource="c:\program files\arcgis\pro\Resources\ArcToolbox\toolboxes\Data Management Tools.tbx\Append" Date="20230901" Time="100159">Append C:\Backup\STEVEN_2019\BOMBEROS_2023\CARTO_BASE\SHP\Area_Afectada_Evento_Forestal_2009_2023.shp C:\Backup\STEVEN_2019\BOMBEROS_2023\BASE_INCIDENTES\UAECOB.gdb\DATOS_UAECOB_2020\Area_Afectada_Evento_Forestal_2009_2022 "Use the field map to reconcile field differences" "OBSERVACIO "OBSERVACIO" true true false 50 Text 0 0,First,#,C:\Backup\STEVEN_2019\BOMBEROS_2023\CARTO_BASE\SHP\Area_Afectada_Evento_Forestal_2009_2023.shp,OBSERVACIO,0,50;TIPO_INCIDENTE "INCIDENTE" true true false 40 Text 0 0,First,#,C:\Backup\STEVEN_2019\BOMBEROS_2023\CARTO_BASE\SHP\Area_Afectada_Evento_Forestal_2009_2023.shp,INCIDENTE,0,40;FECHA_INCIDENTE "FECHA" true true false 8 Date 0 0,First,#,C:\Backup\STEVEN_2019\BOMBEROS_2023\CARTO_BASE\SHP\Area_Afectada_Evento_Forestal_2009_2023.shp,FECHA,-1,-1;LOCALIDAD "LOCALIDAD" true true false 50 Text 0 0,First,#,C:\Backup\STEVEN_2019\BOMBEROS_2023\CARTO_BASE\SHP\Area_Afectada_Evento_Forestal_2009_2023.shp,LOCALIDAD,0,50;AREA_AFECTADA_Ha "Hectares" true true false 8 Double 0 0,First,#,C:\Backup\STEVEN_2019\BOMBEROS_2023\CARTO_BASE\SHP\Area_Afectada_Evento_Forestal_2009_2023.shp,Hectares,-1,-1;BARRIO "BARRIO" true true false 250 Text 0 0,First,#,C:\Backup\STEVEN_2019\BOMBEROS_2023\CARTO_BASE\SHP\Area_Afectada_Evento_Forestal_2009_2023.shp,BARRIO,0,250;Field "Field" true true false 4 Long 0 0,First,#" # #</Process><Process ToolSource="c:\program files\arcgis\pro\Resources\ArcToolbox\toolboxes\Data Management Tools.tbx\Append" Date="20230901" Time="114228">Append Area_afectada_Evento_Forestal_2009_2023 C:\Backup\STEVEN_2019\BOMBEROS_2023\BASE_INCIDENTES\UAECOB.gdb\DATOS_UAECOB_2020\Area_Afectada_Evento_Forestal_2009_2022 "Use the field map to reconcile field differences" "OBSERVACIO "OBSERVACIO" true true false 50 Text 0 0,First,#,C:\Backup\STEVEN_2019\BOMBEROS_2023\BASE_INCIDENTES\DATOS_ABIERTOS_2023\Area_afectada_Evento_Forestal_2009_2023.shp,OBSERVACIO,0,50;TIPO_INCIDENTE "INCIDENTE" true true false 40 Text 0 0,First,#,Area_afectada_Evento_Forestal_2009_2023,TIPO_INCID,0,40;FECHA_INCIDENTE "FECHA" true true false 8 Date 0 0,First,#,Area_afectada_Evento_Forestal_2009_2023,FECHA_INCI,-1,-1;LOCALIDAD "LOCALIDAD" true true false 50 Text 0 0,First,#,C:\Backup\STEVEN_2019\BOMBEROS_2023\BASE_INCIDENTES\DATOS_ABIERTOS_2023\Area_afectada_Evento_Forestal_2009_2023.shp,LOCALIDAD,0,50;AREA_AFECTADA_Ha "Hectares" true true false 8 Double 0 0,First,#,Area_afectada_Evento_Forestal_2009_2023,AREA_AFECT,-1,-1;BARRIO "BARRIO" true true false 250 Text 0 0,First,#,C:\Backup\STEVEN_2019\BOMBEROS_2023\BASE_INCIDENTES\DATOS_ABIERTOS_2023\Area_afectada_Evento_Forestal_2009_2023.shp,BARRIO,0,250;Field "Field" true true false 4 Long 0 0,First,#,C:\Backup\STEVEN_2019\BOMBEROS_2023\BASE_INCIDENTES\DATOS_ABIERTOS_2023\Area_afectada_Evento_Forestal_2009_2023.shp,Field,-1,-1" # #</Process><Process ToolSource="c:\program files\arcgis\pro\Resources\ArcToolbox\toolboxes\Data Management Tools.tbx\Append" Date="20231127" Time="103828">Append Area_Afectada_Evento_Forestal_2009_2023 C:\Backup\STEVEN_2019\BOMBEROS_2023\BASE_INCIDENTES\UAECOB.gdb\DATOS_UAECOB_2020\Area_Afectada_Evento_Forestal_2009_2022 "Use the field map to reconcile field differences" "OBSERVACIO "OBSERVACIO" true true false 50 Text 0 0,First,#,C:\Backup\STEVEN_2019\BOMBEROS_2023\CARTO_BASE\SHP\Area_Afectada_Evento_Forestal_2009_2023.shp,OBSERVACIO,0,50;TIPO_INCIDENTE "INCIDENTE" true true false 40 Text 0 0,First,#,Area_Afectada_Evento_Forestal_2009_2023,INCIDENTE,0,40;FECHA_INCIDENTE "FECHA" true true false 8 Date 0 0,First,#,Area_Afectada_Evento_Forestal_2009_2023,FECHA,-1,-1;LOCALIDAD "LOCALIDAD" true true false 50 Text 0 0,First,#,C:\Backup\STEVEN_2019\BOMBEROS_2023\CARTO_BASE\SHP\Area_Afectada_Evento_Forestal_2009_2023.shp,LOCALIDAD,0,50;AREA_AFECTADA_Ha "Hectares" true true false 8 Double 0 0,First,#,Area_Afectada_Evento_Forestal_2009_2023,Hectares,-1,-1;BARRIO "BARRIO" true true false 250 Text 0 0,First,#,C:\Backup\STEVEN_2019\BOMBEROS_2023\CARTO_BASE\SHP\Area_Afectada_Evento_Forestal_2009_2023.shp,BARRIO,0,250;Field "Field" true true false 4 Long 0 0,First,#" # #</Process><Process ToolSource="c:\program files\arcgis\pro\Resources\ArcToolbox\toolboxes\Data Management Tools.tbx\Rename" Date="20231127" Time="104237">Rename C:\Backup\STEVEN_2019\BOMBEROS_2023\BASE_INCIDENTES\UAECOB.gdb\DATOS_UAECOB_2020\Area_Afectada_Evento_Forestal_2009_2022 C:\Backup\STEVEN_2019\BOMBEROS_2023\BASE_INCIDENTES\UAECOB.gdb\DATOS_UAECOB_2020\Area_Afectada_Evento_Forestal_2009_2023 FeatureClass</Process><Process ToolSource="c:\program files\arcgis\pro\Resources\ArcToolbox\toolboxes\Data Management Tools.tbx\CalculateGeometryAttributes" Date="20231128" Time="141558">CalculateGeometryAttributes Area_Afectada_Evento_Forestal_2009_2023 "AREA_AFECTADA_Ha AREA" # Hectares # "Same as input"</Process><Process ToolSource="c:\program files\arcgis\pro\Resources\ArcToolbox\toolboxes\Data Management Tools.tbx\CalculateGeometryAttributes" Date="20231128" Time="142037">CalculateGeometryAttributes Area_Afectada_Evento_Forestal_2009_2023 "AREA_AFECTADA_Ha AREA" # Hectares # "Same as input"</Process><Process ToolSource="c:\program files\arcgis\pro\Resources\ArcToolbox\toolboxes\Data Management Tools.tbx\CalculateGeometryAttributes" Date="20231128" Time="143035">CalculateGeometryAttributes Area_Afectada_Evento_Forestal_2009_2023 "AREA_AFECTADA_Ha AREA" # Hectares # "Same as input"</Process><Process ToolSource="c:\program files\arcgis\pro\Resources\ArcToolbox\toolboxes\Data Management Tools.tbx\CalculateGeometryAttributes" Date="20231227" Time="211148">CalculateGeometryAttributes Area_Afectada_Evento_Forestal_2009_2023 "AREA_AFECTADA_Ha AREA" # Hectares PROJCS['MAGNA_Ciudad_Bogota',GEOGCS['GCS_MAGNA',DATUM['D_MAGNA',SPHEROID['GRS_1980',6378137.0,298.257222101]],PRIMEM['Greenwich',0.0],UNIT['Degree',0.0174532925199433]],PROJECTION['Transverse_Mercator'],PARAMETER['False_Easting',92334.879],PARAMETER['False_Northing',109320.965],PARAMETER['Central_Meridian',-74.14659166666668],PARAMETER['Scale_Factor',1.000399803265436],PARAMETER['Latitude_Of_Origin',4.680486111111112],UNIT['Meter',1.0]] "Same as input"</Process><Process ToolSource="c:\program files\arcgis\pro\Resources\ArcToolbox\toolboxes\Data Management Tools.tbx\CalculateGeometryAttributes" Date="20231227" Time="211904">CalculateGeometryAttributes Area_Afectada_Evento_Forestal_2009_2023 "AREA_AFECTADA_Ha AREA" # Hectares PROJCS['MAGNA_Ciudad_Bogota',GEOGCS['GCS_MAGNA',DATUM['D_MAGNA',SPHEROID['GRS_1980',6378137.0,298.257222101]],PRIMEM['Greenwich',0.0],UNIT['Degree',0.0174532925199433]],PROJECTION['Transverse_Mercator'],PARAMETER['False_Easting',92334.879],PARAMETER['False_Northing',109320.965],PARAMETER['Central_Meridian',-74.14659166666668],PARAMETER['Scale_Factor',1.000399803265436],PARAMETER['Latitude_Of_Origin',4.680486111111112],UNIT['Meter',1.0]] "Same as input"</Process><Process ToolSource="c:\program files\arcgis\pro\Resources\ArcToolbox\toolboxes\Data Management Tools.tbx\CalculateGeometryAttributes" Date="20231227" Time="213035">CalculateGeometryAttributes Area_Afectada_Evento_Forestal_2009_2023 "AREA_AFECTADA_Ha AREA" # Hectares # "Same as input"</Process><Process ToolSource="c:\program files\arcgis\pro\Resources\ArcToolbox\toolboxes\Data Management Tools.tbx\CalculateGeometryAttributes" Date="20231227" Time="213920">CalculateGeometryAttributes Area_Afectada_Evento_Forestal_2009_2023 "AREA_AFECTADA_Ha AREA" # Hectares PROJCS['MAGNA_Ciudad_Bogota',GEOGCS['GCS_MAGNA',DATUM['D_MAGNA',SPHEROID['GRS_1980',6378137.0,298.257222101]],PRIMEM['Greenwich',0.0],UNIT['Degree',0.0174532925199433]],PROJECTION['Transverse_Mercator'],PARAMETER['False_Easting',92334.879],PARAMETER['False_Northing',109320.965],PARAMETER['Central_Meridian',-74.14659166666668],PARAMETER['Scale_Factor',1.000399803265436],PARAMETER['Latitude_Of_Origin',4.680486111111112],UNIT['Meter',1.0]] "Same as input"</Process><Process ToolSource="c:\program files\arcgis\pro\Resources\ArcToolbox\toolboxes\Data Management Tools.tbx\CalculateGeometryAttributes" Date="20231228" Time="090559">CalculateGeometryAttributes Area_Afectada_Evento_Forestal_2009_2023 "AREA_AFECTADA_Ha AREA" # Hectares # "Same as input"</Process><Process ToolSource="c:\program files\arcgis\pro\Resources\ArcToolbox\toolboxes\Data Management Tools.tbx\CalculateGeometryAttributes" Date="20231228" Time="102658">CalculateGeometryAttributes Area_Afectada_Evento_Forestal_2009_2023 "AREA_AFECTADA_Ha AREA" # Hectares # "Same as input"</Process><Process ToolSource="c:\program files\arcgis\pro\Resources\ArcToolbox\toolboxes\Data Management Tools.tbx\CalculateGeometryAttributes" Date="20231228" Time="102711">CalculateGeometryAttributes Area_Afectada_Evento_Forestal_2009_2023 "AREA_AFECTADA_Ha AREA" # Hectares # "Same as input"</Process><Process ToolSource="c:\program files\arcgis\pro\Resources\ArcToolbox\toolboxes\Data Management Tools.tbx\CalculateGeometryAttributes" Date="20240115" Time="090116">CalculateGeometryAttributes Area_Afectada_Evento_Forestal_2009_2023 "AREA_AFECTADA_Ha AREA" # Hectares # "Same as input"</Process><Process ToolSource="c:\program files\arcgis\pro\Resources\ArcToolbox\toolboxes\Data Management Tools.tbx\CalculateGeometryAttributes" Date="20240115" Time="090154">CalculateGeometryAttributes Area_Afectada_Evento_Forestal_2009_2023 "AREA_AFECTADA_Ha AREA" # Hectares PROJCS['MAGNA_Ciudad_Bogota',GEOGCS['GCS_MAGNA',DATUM['D_MAGNA',SPHEROID['GRS_1980',6378137.0,298.257222101]],PRIMEM['Greenwich',0.0],UNIT['Degree',0.0174532925199433]],PROJECTION['Transverse_Mercator'],PARAMETER['False_Easting',92334.879],PARAMETER['False_Northing',109320.965],PARAMETER['Central_Meridian',-74.14659166666668],PARAMETER['Scale_Factor',1.000399803265436],PARAMETER['Latitude_Of_Origin',4.680486111111112],UNIT['Meter',1.0]] "Same as input"</Process><Process ToolSource="c:\program files\arcgis\pro\Resources\ArcToolbox\toolboxes\Data Management Tools.tbx\CalculateGeometryAttributes" Date="20240115" Time="094807">CalculateGeometryAttributes Area_Afectada_Evento_Forestal_2009_2023 "AREA_AFECTADA_Ha AREA" # Hectares PROJCS['MAGNA_Ciudad_Bogota',GEOGCS['GCS_MAGNA',DATUM['D_MAGNA',SPHEROID['GRS_1980',6378137.0,298.257222101]],PRIMEM['Greenwich',0.0],UNIT['Degree',0.0174532925199433]],PROJECTION['Transverse_Mercator'],PARAMETER['False_Easting',92334.879],PARAMETER['False_Northing',109320.965],PARAMETER['Central_Meridian',-74.14659166666668],PARAMETER['Scale_Factor',1.000399803265436],PARAMETER['Latitude_Of_Origin',4.680486111111112],UNIT['Meter',1.0]] "Same as input"</Process><Process ToolSource="c:\program files\arcgis\pro\Resources\ArcToolbox\toolboxes\Data Management Tools.tbx\CalculateGeometryAttributes" Date="20240115" Time="100750">CalculateGeometryAttributes Area_Afectada_Evento_Forestal_2009_2023 "AREA_AFECTADA_Ha AREA" # # PROJCS['MAGNA_Ciudad_Bogota',GEOGCS['GCS_MAGNA',DATUM['D_MAGNA',SPHEROID['GRS_1980',6378137.0,298.257222101]],PRIMEM['Greenwich',0.0],UNIT['Degree',0.0174532925199433]],PROJECTION['Transverse_Mercator'],PARAMETER['False_Easting',92334.879],PARAMETER['False_Northing',109320.965],PARAMETER['Central_Meridian',-74.14659166666668],PARAMETER['Scale_Factor',1.000399803265436],PARAMETER['Latitude_Of_Origin',4.680486111111112],UNIT['Meter',1.0]] "Same as input"</Process><Process ToolSource="c:\program files\arcgis\pro\Resources\ArcToolbox\toolboxes\Data Management Tools.tbx\CalculateGeometryAttributes" Date="20240115" Time="100808">CalculateGeometryAttributes Area_Afectada_Evento_Forestal_2009_2023 "AREA_AFECTADA_Ha AREA" # # PROJCS['MAGNA_Ciudad_Bogota',GEOGCS['GCS_MAGNA',DATUM['D_MAGNA',SPHEROID['GRS_1980',6378137.0,298.257222101]],PRIMEM['Greenwich',0.0],UNIT['Degree',0.0174532925199433]],PROJECTION['Transverse_Mercator'],PARAMETER['False_Easting',92334.879],PARAMETER['False_Northing',109320.965],PARAMETER['Central_Meridian',-74.14659166666668],PARAMETER['Scale_Factor',1.000399803265436],PARAMETER['Latitude_Of_Origin',4.680486111111112],UNIT['Meter',1.0]] "Same as input"</Process><Process ToolSource="c:\program files\arcgis\pro\Resources\ArcToolbox\toolboxes\Data Management Tools.tbx\CalculateGeometryAttributes" Date="20240115" Time="101102">CalculateGeometryAttributes Area_Afectada_Evento_Forestal_2009_2023 "AREA_AFECTADA_Ha AREA" # Hectares PROJCS['MAGNA_Ciudad_Bogota',GEOGCS['GCS_MAGNA',DATUM['D_MAGNA',SPHEROID['GRS_1980',6378137.0,298.257222101]],PRIMEM['Greenwich',0.0],UNIT['Degree',0.0174532925199433]],PROJECTION['Transverse_Mercator'],PARAMETER['False_Easting',92334.879],PARAMETER['False_Northing',109320.965],PARAMETER['Central_Meridian',-74.14659166666668],PARAMETER['Scale_Factor',1.000399803265436],PARAMETER['Latitude_Of_Origin',4.680486111111112],UNIT['Meter',1.0]] "Same as input"</Process><Process ToolSource="c:\program files\arcgis\pro\Resources\ArcToolbox\toolboxes\Data Management Tools.tbx\CalculateGeometryAttributes" Date="20240115" Time="101118">CalculateGeometryAttributes Area_Afectada_Evento_Forestal_2009_2023 "AREA_AFECTADA_Ha AREA" # Hectares PROJCS['MAGNA_Ciudad_Bogota',GEOGCS['GCS_MAGNA',DATUM['D_MAGNA',SPHEROID['GRS_1980',6378137.0,298.257222101]],PRIMEM['Greenwich',0.0],UNIT['Degree',0.0174532925199433]],PROJECTION['Transverse_Mercator'],PARAMETER['False_Easting',92334.879],PARAMETER['False_Northing',109320.965],PARAMETER['Central_Meridian',-74.14659166666668],PARAMETER['Scale_Factor',1.000399803265436],PARAMETER['Latitude_Of_Origin',4.680486111111112],UNIT['Meter',1.0]] "Same as input"</Process><Process ToolSource="c:\program files\arcgis\pro\Resources\ArcToolbox\toolboxes\Data Management Tools.tbx\CalculateGeometryAttributes" Date="20240115" Time="101158">CalculateGeometryAttributes Area_Afectada_Evento_Forestal_2009_2023 "AREA_AFECTADA_Ha AREA" # Hectares # "Same as input"</Process><Process ToolSource="c:\program files\arcgis\pro\Resources\ArcToolbox\toolboxes\Data Management Tools.tbx\CalculateGeometryAttributes" Date="20240115" Time="101205">CalculateGeometryAttributes Area_Afectada_Evento_Forestal_2009_2023 "AREA_AFECTADA_Ha AREA" # Hectares # "Same as input"</Process><Process ToolSource="c:\program files\arcgis\pro\Resources\ArcToolbox\toolboxes\Data Management Tools.tbx\CalculateGeometryAttributes" Date="20240115" Time="101218">CalculateGeometryAttributes Area_Afectada_Evento_Forestal_2009_2023 "AREA_AFECTADA_Ha AREA" # Hectares # "Same as input"</Process><Process ToolSource="c:\program files\arcgis\pro\Resources\ArcToolbox\toolboxes\Data Management Tools.tbx\CalculateGeometryAttributes" Date="20240115" Time="101234">CalculateGeometryAttributes Area_Afectada_Evento_Forestal_2009_2023 "AREA_AFECTADA_Ha AREA" # "Square miles (United States)" # "Same as input"</Process><Process ToolSource="c:\program files\arcgis\pro\Resources\ArcToolbox\toolboxes\Data Management Tools.tbx\CalculateGeometryAttributes" Date="20240115" Time="101527">CalculateGeometryAttributes Area_Afectada_Evento_Forestal_2009_2023 "AREA_AFECTADA_Ha AREA" # Hectares # "Same as input"</Process><Process ToolSource="c:\program files\arcgis\pro\Resources\ArcToolbox\toolboxes\Data Management Tools.tbx\CalculateGeometryAttributes" Date="20240115" Time="101547">CalculateGeometryAttributes Area_Afectada_Evento_Forestal_2009_2023 "AREA_AFECTADA_Ha AREA" # Hectares # "Same as input"</Process><Process ToolSource="c:\program files\arcgis\pro\Resources\ArcToolbox\toolboxes\Data Management Tools.tbx\CalculateGeometryAttributes" Date="20240115" Time="101611">CalculateGeometryAttributes Area_Afectada_Evento_Forestal_2009_2023 "AREA_AFECTADA_Ha AREA" # Hectares # "Same as input"</Process><Process ToolSource="c:\program files\arcgis\pro\Resources\ArcToolbox\toolboxes\Data Management Tools.tbx\CalculateGeometryAttributes" Date="20240115" Time="101956">CalculateGeometryAttributes Area_Afectada_Evento_Forestal_2009_2023 "AREA_AFECTADA_Ha AREA" # Hectares # "Same as input"</Process><Process ToolSource="c:\program files\arcgis\pro\Resources\ArcToolbox\toolboxes\Data Management Tools.tbx\CalculateGeometryAttributes" Date="20240115" Time="104605">CalculateGeometryAttributes Area_Afectada_Evento_Forestal_2009_2023 "AREA_AFECTADA_Ha AREA" # Hectares # "Same as input"</Process><Process ToolSource="c:\program files\arcgis\pro\Resources\ArcToolbox\toolboxes\Data Management Tools.tbx\CalculateGeometryAttributes" Date="20240115" Time="105754">CalculateGeometryAttributes Area_Afectada_Evento_Forestal_2009_2023 "AREA_AFECTADA_Ha AREA" # Hectares # "Same as input"</Process><Process ToolSource="c:\program files\arcgis\pro\Resources\ArcToolbox\toolboxes\Data Management Tools.tbx\CalculateGeometryAttributes" Date="20240115" Time="111530">CalculateGeometryAttributes Area_Afectada_Evento_Forestal_2009_2023 "AREA_AFECTADA_Ha AREA" # Hectares # "Same as input"</Process><Process ToolSource="c:\program files\arcgis\pro\Resources\ArcToolbox\toolboxes\Data Management Tools.tbx\CalculateGeometryAttributes" Date="20240115" Time="112010">CalculateGeometryAttributes Area_Afectada_Evento_Forestal_2009_2023 "AREA_AFECTADA_Ha AREA" # Hectares # "Same as input"</Process><Process ToolSource="c:\program files\arcgis\pro\Resources\ArcToolbox\toolboxes\Data Management Tools.tbx\CalculateGeometryAttributes" Date="20240128" Time="174407">CalculateGeometryAttributes Area_Afectada_Evento_Forestal_2009_2023 "AREA_AFECTADA_Ha AREA" # Hectares # "Same as input"</Process><Process ToolSource="c:\program files\arcgis\pro\Resources\ArcToolbox\toolboxes\Data Management Tools.tbx\CalculateGeometryAttributes" Date="20240202" Time="092541">CalculateGeometryAttributes Area_Afectada_Evento_Forestal_2009_2023 "AREA_AFECTADA_Ha AREA" # Hectares # "Same as input"</Process><Process ToolSource="c:\program files\arcgis\pro\Resources\ArcToolbox\toolboxes\Data Management Tools.tbx\CalculateGeometryAttributes" Date="20240202" Time="093653">CalculateGeometryAttributes Area_Afectada_Evento_Forestal_2009_2023 "AREA_AFECTADA_Ha AREA" # Hectares # "Same as input"</Process><Process ToolSource="c:\program files\arcgis\pro\Resources\ArcToolbox\toolboxes\Data Management Tools.tbx\CalculateGeometryAttributes" Date="20240202" Time="101505">CalculateGeometryAttributes Area_Afectada_Evento_Forestal_2009_2023 "AREA_AFECTADA_Ha AREA" # Hectares # "Same as input"</Process><Process ToolSource="c:\program files\arcgis\pro\Resources\ArcToolbox\toolboxes\Data Management Tools.tbx\CalculateGeometryAttributes" Date="20240202" Time="102746">CalculateGeometryAttributes Area_Afectada_Evento_Forestal_2009_2023 "AREA_AFECTADA_Ha AREA" # Hectares # "Same as input"</Process><Process ToolSource="c:\program files\arcgis\pro\Resources\ArcToolbox\toolboxes\Data Management Tools.tbx\CalculateGeometryAttributes" Date="20240202" Time="102826">CalculateGeometryAttributes Area_Afectada_Evento_Forestal_2009_2023 "AREA_AFECTADA_Ha AREA" # Hectares # "Same as input"</Process><Process ToolSource="c:\program files\arcgis\pro\Resources\ArcToolbox\toolboxes\Data Management Tools.tbx\CalculateGeometryAttributes" Date="20240202" Time="102907">CalculateGeometryAttributes Area_Afectada_Evento_Forestal_2009_2023 "AREA_AFECTADA_Ha AREA" # Hectares # "Same as input"</Process><Process ToolSource="c:\program files\arcgis\pro\Resources\ArcToolbox\toolboxes\Data Management Tools.tbx\CalculateGeometryAttributes" Date="20240202" Time="105243">CalculateGeometryAttributes Area_Afectada_Evento_Forestal_2009_2023 "AREA_AFECTADA_Ha AREA" # Hectares # "Same as input"</Process><Process ToolSource="c:\program files\arcgis\pro\Resources\ArcToolbox\toolboxes\Data Management Tools.tbx\CalculateGeometryAttributes" Date="20240202" Time="112313">CalculateGeometryAttributes Area_Afectada_Evento_Forestal_2009_2023 "AREA_AFECTADA_Ha AREA" # Hectares # "Same as input"</Process><Process ToolSource="c:\program files\arcgis\pro\Resources\ArcToolbox\toolboxes\Data Management Tools.tbx\UpdateSchema" Date="20240206" Time="092103">UpdateSchema "CIMDATA=&lt;CIMFeatureDatasetDataConnection xsi:type='typens:CIMFeatureDatasetDataConnection' xmlns:xsi='http://www.w3.org/2001/XMLSchema-instance' xmlns:xs='http://www.w3.org/2001/XMLSchema' xmlns:typens='http://www.esri.com/schemas/ArcGIS/2.5.0'&gt;&lt;FeatureDataset&gt;DATOS_UAECOB_2020&lt;/FeatureDataset&gt;&lt;WorkspaceConnectionString&gt;DATABASE=C:\STEVEN\BOMBEROS 2023\BASE_INCIDENTES\UAECOB.gdb&lt;/WorkspaceConnectionString&gt;&lt;WorkspaceFactory&gt;FileGDB&lt;/WorkspaceFactory&gt;&lt;Dataset&gt;Area_Afectada_Evento_Forestal_2009_2023&lt;/Dataset&gt;&lt;DatasetType&gt;esriDTFeatureClass&lt;/DatasetType&gt;&lt;/CIMFeatureDatasetDataConnection&gt;" &lt;operationSequence&gt;&lt;workflow&gt;&lt;AddField&gt;&lt;field_name&gt;FUENTE&lt;/field_name&gt;&lt;field_type&gt;TEXT&lt;/field_type&gt;&lt;field_length&gt;255&lt;/field_length&gt;&lt;field_alias&gt;FUENTE&lt;/field_alias&gt;&lt;field_is_nullable&gt;True&lt;/field_is_nullable&gt;&lt;field_is_required&gt;False&lt;/field_is_required&gt;&lt;/AddField&gt;&lt;/workflow&gt;&lt;/operationSequence&gt;</Process><Process ToolSource="c:\program files\arcgis\pro\Resources\ArcToolbox\toolboxes\Data Management Tools.tbx\DeleteField" Date="20240206" Time="092154">DeleteField Area_Afectada_Evento_Forestal_2009_2023 Field</Process><Process ToolSource="c:\program files\arcgis\pro\Resources\ArcToolbox\toolboxes\Data Management Tools.tbx\CalculateField" Date="20240206" Time="092307">CalculateField Area_Afectada_Evento_Forestal_2009_2023 FUENTE "UAECOB-SUBDIRECCION OPERATIVA" Arcade # Text</Process><Process ToolSource="c:\program files\arcgis\pro\Resources\ArcToolbox\toolboxes\Conversion Tools.tbx\FeatureClassToFeatureClass" Date="20240206" Time="092628">FeatureClassToFeatureClass Area_Afectada_Evento_Forestal_2009_2023 "C:\STEVEN\BOMBEROS 2024\CARTO BASE\SHP" Area_Afectada_Evento_Forestal_2009_2024.shp # "OBSERVACIO "OBSERVACIO" true true false 50 Text 0 0,First,#,Area_Afectada_Evento_Forestal_2009_2023,OBSERVACIO,0,50;TIPO_INCID "INCIDENTE" true true false 40 Text 0 0,First,#,Area_Afectada_Evento_Forestal_2009_2023,TIPO_INCIDENTE,0,40;FECHA_INCI "FECHA" true true false 8 Date 0 0,First,#,Area_Afectada_Evento_Forestal_2009_2023,FECHA_INCIDENTE,-1,-1;LOCALIDAD "LOCALIDAD" true true false 50 Text 0 0,First,#,Area_Afectada_Evento_Forestal_2009_2023,LOCALIDAD,0,50;AREA_AFECT "Hectares" true true false 8 Double 0 0,First,#,Area_Afectada_Evento_Forestal_2009_2023,AREA_AFECTADA_Ha,-1,-1;BARRIO "BARRIO" true true false 250 Text 0 0,First,#,Area_Afectada_Evento_Forestal_2009_2023,BARRIO,0,250;Shape_Leng "Shape_Length" false true true 8 Double 0 0,First,#,Area_Afectada_Evento_Forestal_2009_2023,Shape_Length,-1,-1;Shape_Area "Shape_Area" false true true 8 Double 0 0,First,#,Area_Afectada_Evento_Forestal_2009_2023,Shape_Area,-1,-1;FUENTE "FUENTE" true true false 255 Text 0 0,First,#,Area_Afectada_Evento_Forestal_2009_2023,FUENTE,0,255" #</Process><Process ToolSource="c:\program files\arcgis\pro\Resources\ArcToolbox\toolboxes\Conversion Tools.tbx\ExportFeatures" Date="20240206" Time="094534">ExportFeatures Area_Afectada_Evento_Forestal_2009_2024 C:\Backup\STEVEN_2019\BOMBEROS_2023\BASE_INCIDENTES\DATOS_ABIERTOS_2023\Area_Afectada_Evento_Forestal_2009_2024.shp # NOT_USE_ALIAS "OBSERVACIO "OBSERVACIO" true true false 50 Text 0 0,First,#,Area_Afectada_Evento_Forestal_2009_2024,OBSERVACIO,0,50;TIPO_INCID "TIPO_INCID" true true false 40 Text 0 0,First,#,Area_Afectada_Evento_Forestal_2009_2024,TIPO_INCID,0,40;FECHA_INCI "FECHA_INCI" true true false 8 Date 0 0,First,#,Area_Afectada_Evento_Forestal_2009_2024,FECHA_INCI,-1,-1;LOCALIDAD "LOCALIDAD" true true false 50 Text 0 0,First,#,Area_Afectada_Evento_Forestal_2009_2024,LOCALIDAD,0,50;AREA_AFECT "AREA_AFECT" true true false 19 Double 0 0,First,#,Area_Afectada_Evento_Forestal_2009_2024,AREA_AFECT,-1,-1;BARRIO "BARRIO" true true false 250 Text 0 0,First,#,Area_Afectada_Evento_Forestal_2009_2024,BARRIO,0,250;Shape_Leng "Shape_Leng" true true false 19 Double 0 0,First,#,Area_Afectada_Evento_Forestal_2009_2024,Shape_Leng,-1,-1;Shape_Area "Shape_Area" true true false 19 Double 0 0,First,#,Area_Afectada_Evento_Forestal_2009_2024,Shape_Area,-1,-1;FUENTE "FUENTE" true true false 254 Text 0 0,First,#,Area_Afectada_Evento_Forestal_2009_2024,FUENTE,0,254" #</Process></lineage></DataProperties><SyncDate>20240206</SyncDate><SyncTime>09453400</SyncTime><ModDate>20240206</ModDate><ModTime>09453400</ModTime></Esri><dataIdInfo><envirDesc Sync="TRUE">Microsoft Windows 10 Version 10.0 (Build 22000) ; Esri ArcGIS 13.0.2.36056</envirDesc><dataLang><languageCode value="spa" Sync="TRUE"></languageCode><countryCode value="COL" Sync="TRUE"></countryCode></dataLang><idCitation><resTitle Sync="TRUE">Area_Afectada_Evento_Forestal_2009_2024</resTitle><presForm><PresFormCd value="005" Sync="TRUE"></PresFormCd></presForm></idCitation><spatRpType><SpatRepTypCd value="001" Sync="TRUE"></SpatRepTypCd></spatRpType></dataIdInfo><mdLang><languageCode value="spa" Sync="TRUE"></languageCode><countryCode value="COL" Sync="TRUE"></countryCode></mdLang><mdChar><CharSetCd value="004" Sync="TRUE"></CharSetCd></mdChar><distInfo><distFormat><formatName Sync="TRUE">Shapefile</formatName></distFormat><distTranOps><transSize Sync="TRUE">0.000</transSize></distTranOps></distInfo><mdHrLv><ScopeCd value="005" Sync="TRUE"></ScopeCd></mdHrLv><mdHrLvName Sync="TRUE">dataset</mdHrLvName><refSysInfo><RefSystem><refSysID><identCode code="102233" Sync="TRUE"></identCode><idCodeSpace Sync="TRUE">Esri</idCodeSpace><idVersion Sync="TRUE">9.2.0</idVersion></refSysID></RefSystem></refSysInfo><spatRepInfo><VectSpatRep><geometObjs Name="Area_Afectada_Evento_Forestal_2009_2024"><geoObjTyp><GeoObjTypCd value="002" Sync="TRUE"></GeoObjTypCd></geoObjTyp><geoObjCnt Sync="TRUE">0</geoObjCnt></geometObjs><topLvl><TopoLevCd value="001" Sync="TRUE"></TopoLevCd></topLvl></VectSpatRep></spatRepInfo><spdoinfo><ptvctinf><esriterm Name="Area_Afectada_Evento_Forestal_2009_2024"><efeatyp Sync="TRUE">Simple</efeatyp><efeageom code="4" Sync="TRUE"></efeageom><esritopo Sync="TRUE">FALSE</esritopo><efeacnt Sync="TRUE">0</efeacnt><spindex Sync="TRUE">FALSE</spindex><linrefer Sync="TRUE">FALSE</linrefer></esriterm></ptvctinf></spdoinfo><eainfo><detailed Name="Area_Afectada_Evento_Forestal_2009_2024"><enttyp><enttypl Sync="TRUE">Area_Afectada_Evento_Forestal_2009_2024</enttypl><enttypt Sync="TRUE">Feature Class</enttypt><enttypc Sync="TRUE">0</enttypc></enttyp><attr><attrlabl Sync="TRUE">FID</attrlabl><attalias Sync="TRUE">FID</attalias><attrtype Sync="TRUE">OID</attrtype><attwidth Sync="TRUE">4</attwidth><atprecis Sync="TRUE">0</atprecis><attscale Sync="TRUE">0</attscale><attrdef Sync="TRUE">Internal feature number.</attrdef><attrdefs Sync="TRUE">Esri</attrdefs><attrdomv><udom Sync="TRUE">Sequential unique whole numbers that are automatically generated.</udom></attrdomv></attr><attr><attrlabl Sync="TRUE">Shape</attrlabl><attalias Sync="TRUE">Shape</attalias><attrtype Sync="TRUE">Geometry</attrtype><attwidth Sync="TRUE">0</attwidth><atprecis Sync="TRUE">0</atprecis><attscale Sync="TRUE">0</attscale><attrdef Sync="TRUE">Feature geometry.</attrdef><attrdefs Sync="TRUE">Esri</attrdefs><attrdomv><udom Sync="TRUE">Coordinates defining the features.</udom></attrdomv></attr><attr><attrlabl Sync="TRUE">OBSERVACIO</attrlabl><attalias Sync="TRUE">OBSERVACIO</attalias><attrtype Sync="TRUE">String</attrtype><attwidth Sync="TRUE">50</attwidth><atprecis Sync="TRUE">0</atprecis><attscale Sync="TRUE">0</attscale></attr><attr><attrlabl Sync="TRUE">TIPO_INCID</attrlabl><attalias Sync="TRUE">TIPO_INCID</attalias><attrtype Sync="TRUE">String</attrtype><attwidth Sync="TRUE">40</attwidth><atprecis Sync="TRUE">0</atprecis><attscale Sync="TRUE">0</attscale></attr><attr><attrlabl Sync="TRUE">FECHA_INCI</attrlabl><attalias Sync="TRUE">FECHA_INCI</attalias><attrtype Sync="TRUE">Date</attrtype><attwidth Sync="TRUE">8</attwidth><atprecis Sync="TRUE">0</atprecis><attscale Sync="TRUE">0</attscale></attr><attr><attrlabl Sync="TRUE">FUENTE</attrlabl><attalias Sync="TRUE">FUENTE</attalias><attrtype Sync="TRUE">String</attrtype><attwidth Sync="TRUE">254</attwidth><atprecis Sync="TRUE">0</atprecis><attscale Sync="TRUE">0</attscale></attr><attr><attrlabl Sync="TRUE">AREA_AFECT</attrlabl><attalias Sync="TRUE">AREA_AFECT</attalias><attrtype Sync="TRUE">Double</attrtype><attwidth Sync="TRUE">19</attwidth><atprecis Sync="TRUE">0</atprecis><attscale Sync="TRUE">0</attscale></attr><attr><attrlabl Sync="TRUE">LOCALIDAD</attrlabl><attalias Sync="TRUE">LOCALIDAD</attalias><attrtype Sync="TRUE">String</attrtype><attwidth Sync="TRUE">50</attwidth><atprecis Sync="TRUE">0</atprecis><attscale Sync="TRUE">0</attscale></attr><attr><attrlabl Sync="TRUE">SHAPE_Area</attrlabl><attalias Sync="TRUE">Shape_Area</attalias><attrtype Sync="TRUE">Double</attrtype><attwidth Sync="TRUE">19</attwidth><atprecis Sync="TRUE">0</atprecis><attscale Sync="TRUE">0</attscale><attrdef Sync="TRUE">Area of feature in internal units squared.</attrdef><attrdefs Sync="TRUE">Esri</attrdefs><attrdomv><udom Sync="TRUE">Positive real numbers that are automatically generated.</udom></attrdomv></attr><attr><attrlabl Sync="TRUE">Shape_Leng</attrlabl><attalias Sync="TRUE">Shape_Leng</attalias><attrtype Sync="TRUE">Double</attrtype><attwidth Sync="TRUE">19</attwidth><atprecis Sync="TRUE">0</atprecis><attscale Sync="TRUE">0</attscale></attr><attr><attrlabl Sync="TRUE">BARRIO</attrlabl><attalias Sync="TRUE">BARRIO</attalias><attrtype Sync="TRUE">String</attrtype><attwidth Sync="TRUE">250</attwidth><atprecis Sync="TRUE">0</atprecis><attscale Sync="TRUE">0</attscale></attr></detailed></eainfo><mdDateSt Sync="TRUE">20240206</mdDateSt></metadata>
